open_time,open,high,low,close,volume,close_time,quote_volume,count,taker_buy_volume,taker_buy_quote_volume,ignore
1759276800000,319.408,319.408,319.408,319.408,0,1759280399999,0,0,0,0,0
1759280400000,319.408,319.408,319.408,319.408,0,1759283999999,0,0,0,0,0
1759284000000,319.408,319.408,319.408,319.408,0,1759287599999,0,0,0,0,0
1759287600000,319.408,319.408,319.408,319.408,0,1759291199999,0,0,0,0,0
1759291200000,319.408,319.408,319.408,319.408,0,1759294799999,0,0,0,0,0
1759294800000,319.408,319.408,319.408,319.408,0,1759298399999,0,0,0,0,0
1759298400000,319.408,319.408,319.408,319.408,0,1759301999999,0,0,0,0,0
1759302000000,319.408,319.408,319.408,319.408,0,1759305599999,0,0,0,0,0
1759305600000,319.408,319.408,319.408,319.408,0,1759309199999,0,0,0,0,0
1759309200000,319.408,319.408,319.408,319.408,0,1759312799999,0,0,0,0,0
1759312800000,319.408,319.408,319.408,319.408,0,1759316399999,0,0,0,0,0
1759316400000,319.408,319.408,319.408,319.408,0,1759319999999,0,0,0,0,0
1759320000000,319.408,319.408,319.408,319.408,0,1759323599999,0,0,0,0,0
1759323600000,319.408,319.408,319.408,319.408,0,1759327199999,0,0,0,0,0
1759327200000,319.408,319.408,319.408,319.408,0,1759330799999,0,0,0,0,0
1759330800000,319.408,319.408,319.408,319.408,0,1759334399999,0,0,0,0,0
1759334400000,319.408,319.408,319.408,319.408,0,1759337999999,0,0,0,0,0
1759338000000,319.408,319.408,319.408,319.408,0,1759341599999,0,0,0,0,0
1759341600000,319.408,319.408,319.408,319.408,0,1759345199999,0,0,0,0,0
1759345200000,319.408,319.408,319.408,319.408,0,1759348799999,0,0,0,0,0
1759348800000,319.408,319.408,319.408,319.408,0,1759352399999,0,0,0,0,0
1759352400000,319.408,319.408,319.408,319.408,0,1759355999999,0,0,0,0,0
1759356000000,319.408,319.408,319.408,319.408,0,1759359599999,0,0,0,0,0
1759359600000,319.408,319.408,319.408,319.408,0,1759363199999,0,0,0,0,0
1759363200000,319.408,319.408,319.408,319.408,0,1759366799999,0,0,0,0,0
1759366800000,319.408,319.408,319.408,319.408,0,1759370399999,0,0,0,0,0
1759370400000,319.408,319.408,319.408,319.408,0,1759373999999,0,0,0,0,0
1759374000000,319.408,319.408,319.408,319.408,0,1759377599999,0,0,0,0,0
1759377600000,319.408,319.408,319.408,319.408,0,1759381199999,0,0,0,0,0
1759381200000,319.408,319.408,319.408,319.408,0,1759384799999,0,0,0,0,0
1759384800000,319.408,319.408,319.408,319.408,0,1759388399999,0,0,0,0,0
1759388400000,319.408,319.408,319.408,319.408,0,1759391999999,0,0,0,0,0
1759392000000,319.408,319.408,319.408,319.408,0,1759395599999,0,0,0,0,0
1759395600000,319.408,319.408,319.408,319.408,0,1759399199999,0,0,0,0,0
1759399200000,319.408,319.408,319.408,319.408,0,1759402799999,0,0,0,0,0
1759402800000,319.408,319.408,319.408,319.408,0,1759406399999,0,0,0,0,0
1759406400000,319.408,319.408,319.408,319.408,0,1759409999999,0,0,0,0,0
1759410000000,319.408,319.408,319.408,319.408,0,1759413599999,0,0,0,0,0
1759413600000,319.408,319.408,319.408,319.408,0,1759417199999,0,0,0,0,0
1759417200000,319.408,319.408,319.408,319.408,0,1759420799999,0,0,0,0,0
1759420800000,319.408,319.408,319.408,319.408,0,1759424399999,0,0,0,0,0
1759424400000,319.408,319.408,319.408,319.408,0,1759427999999,0,0,0,0,0
1759428000000,319.408,319.408,319.408,319.408,0,1759431599999,0,0,0,0,0
1759431600000,319.408,319.408,319.408,319.408,0,1759435199999,0,0,0,0,0
1759435200000,319.408,319.408,319.408,319.408,0,1759438799999,0,0,0,0,0
1759438800000,319.408,319.408,319.408,319.408,0,1759442399999,0,0,0,0,0
1759442400000,319.408,319.408,319.408,319.408,0,1759445999999,0,0,0,0,0
1759446000000,319.408,319.408,319.408,319.408,0,1759449599999,0,0,0,0,0
1759449600000,319.408,319.408,319.408,319.408,0,1759453199999,0,0,0,0,0
1759453200000,319.408,319.408,319.408,319.408,0,1759456799999,0,0,0,0,0
1759456800000,319.408,319.408,319.408,319.408,0,1759460399999,0,0,0,0,0
1759460400000,319.408,319.408,319.408,319.408,0,1759463999999,0,0,0,0,0
1759464000000,319.408,319.408,319.408,319.408,0,1759467599999,0,0,0,0,0
1759467600000,319.408,319.408,319.408,319.408,0,1759471199999,0,0,0,0,0
1759471200000,319.408,319.408,319.408,319.408,0,1759474799999,0,0,0,0,0
1759474800000,319.408,319.408,319.408,319.408,0,1759478399999,0,0,0,0,0
1759478400000,319.408,319.408,319.408,319.408,0,1759481999999,0,0,0,0,0
1759482000000,319.408,319.408,319.408,319.408,0,1759485599999,0,0,0,0,0
1759485600000,319.408,319.408,319.408,319.408,0,1759489199999,0,0,0,0,0
1759489200000,319.408,319.408,319.408,319.408,0,1759492799999,0,0,0,0,0
1759492800000,319.408,319.408,319.408,319.408,0,1759496399999,0,0,0,0,0
1759496400000,319.408,319.408,319.408,319.408,0,1759499999999,0,0,0,0,0
1759500000000,319.408,319.408,319.408,319.408,0,1759503599999,0,0,0,0,0
1759503600000,319.408,319.408,319.408,319.408,0,1759507199999,0,0,0,0,0
1759507200000,319.408,319.408,319.408,319.408,0,1759510799999,0,0,0,0,0
1759510800000,319.408,319.408,319.408,319.408,0,1759514399999,0,0,0,0,0
1759514400000,319.408,319.408,319.408,319.408,0,1759517999999,0,0,0,0,0
1759518000000,319.408,319.408,319.408,319.408,0,1759521599999,0,0,0,0,0
1759521600000,319.408,319.408,319.408,319.408,0,1759525199999,0,0,0,0,0
1759525200000,319.408,319.408,319.408,319.408,0,1759528799999,0,0,0,0,0
1759528800000,319.408,319.408,319.408,319.408,0,1759532399999,0,0,0,0,0
1759532400000,319.408,319.408,319.408,319.408,0,1759535999999,0,0,0,0,0
1759536000000,319.408,319.408,319.408,319.408,0,1759539599999,0,0,0,0,0
1759539600000,319.408,319.408,319.408,319.408,0,1759543199999,0,0,0,0,0
1759543200000,319.408,319.408,319.408,319.408,0,1759546799999,0,0,0,0,0
1759546800000,319.408,319.408,319.408,319.408,0,1759550399999,0,0,0,0,0
1759550400000,319.408,319.408,319.408,319.408,0,1759553999999,0,0,0,0,0
1759554000000,319.408,319.408,319.408,319.408,0,1759557599999,0,0,0,0,0
1759557600000,319.408,319.408,319.408,319.408,0,1759561199999,0,0,0,0,0
1759561200000,319.408,319.408,319.408,319.408,0,1759564799999,0,0,0,0,0
1759564800000,319.408,319.408,319.408,319.408,0,1759568399999,0,0,0,0,0
1759568400000,319.408,319.408,319.408,319.408,0,1759571999999,0,0,0,0,0
1759572000000,319.408,319.408,319.408,319.408,0,1759575599999,0,0,0,0,0
1759575600000,319.408,319.408,319.408,319.408,0,1759579199999,0,0,0,0,0
1759579200000,319.408,319.408,319.408,319.408,0,1759582799999,0,0,0,0,0
1759582800000,319.408,319.408,319.408,319.408,0,1759586399999,0,0,0,0,0
1759586400000,319.408,319.408,319.408,319.408,0,1759589999999,0,0,0,0,0
1759590000000,319.408,319.408,319.408,319.408,0,1759593599999,0,0,0,0,0
1759593600000,319.408,319.408,319.408,319.408,0,1759597199999,0,0,0,0,0
1759597200000,319.408,319.408,319.408,319.408,0,1759600799999,0,0,0,0,0
1759600800000,319.408,319.408,319.408,319.408,0,1759604399999,0,0,0,0,0
1759604400000,319.408,319.408,319.408,319.408,0,1759607999999,0,0,0,0,0
1759608000000,319.408,319.408,319.408,319.408,0,1759611599999,0,0,0,0,0
1759611600000,319.408,319.408,319.408,319.408,0,1759615199999,0,0,0,0,0
1759615200000,319.408,319.408,319.408,319.408,0,1759618799999,0,0,0,0,0
1759618800000,319.408,319.408,319.408,319.408,0,1759622399999,0,0,0,0,0
1759622400000,319.408,319.408,319.408,319.408,0,1759625999999,0,0,0,0,0
1759626000000,319.408,319.408,319.408,319.408,0,1759629599999,0,0,0,0,0
1759629600000,319.408,319.408,319.408,319.408,0,1759633199999,0,0,0,0,0
1759633200000,319.408,319.408,319.408,319.408,0,1759636799999,0,0,0,0,0
1759636800000,319.408,319.408,319.408,319.408,0,1759640399999,0,0,0,0,0
1759640400000,319.408,319.408,319.408,319.408,0,1759643999999,0,0,0,0,0
1759644000000,319.408,319.408,319.408,319.408,0,1759647599999,0,0,0,0,0
1759647600000,319.408,319.408,319.408,319.408,0,1759651199999,0,0,0,0,0
1759651200000,319.408,319.408,319.408,319.408,0,1759654799999,0,0,0,0,0
1759654800000,319.408,319.408,319.408,319.408,0,1759658399999,0,0,0,0,0
1759658400000,319.408,319.408,319.408,319.408,0,1759661999999,0,0,0,0,0
1759662000000,319.408,319.408,319.408,319.408,0,1759665599999,0,0,0,0,0
1759665600000,319.408,319.408,319.408,319.408,0,1759669199999,0,0,0,0,0
1759669200000,319.408,319.408,319.408,319.408,0,1759672799999,0,0,0,0,0
1759672800000,319.408,319.408,319.408,319.408,0,1759676399999,0,0,0,0,0
1759676400000,319.408,319.408,319.408,319.408,0,1759679999999,0,0,0,0,0
1759680000000,319.408,319.408,319.408,319.408,0,1759683599999,0,0,0,0,0
1759683600000,319.408,319.408,319.408,319.408,0,1759687199999,0,0,0,0,0
1759687200000,319.408,319.408,319.408,319.408,0,1759690799999,0,0,0,0,0
1759690800000,319.408,319.408,319.408,319.408,0,1759694399999,0,0,0,0,0
1759694400000,319.408,319.408,319.408,319.408,0,1759697999999,0,0,0,0,0
1759698000000,319.408,319.408,319.408,319.408,0,1759701599999,0,0,0,0,0
1759701600000,319.408,319.408,319.408,319.408,0,1759705199999,0,0,0,0,0
1759705200000,319.408,319.408,319.408,319.408,0,1759708799999,0,0,0,0,0
1759708800000,319.408,319.408,319.408,319.408,0,1759712399999,0,0,0,0,0
1759712400000,319.408,319.408,319.408,319.408,0,1759715999999,0,0,0,0,0
1759716000000,319.408,319.408,319.408,319.408,0,1759719599999,0,0,0,0,0
1759719600000,319.408,319.408,319.408,319.408,0,1759723199999,0,0,0,0,0
1759723200000,319.408,319.408,319.408,319.408,0,1759726799999,0,0,0,0,0
1759726800000,319.408,319.408,319.408,319.408,0,1759730399999,0,0,0,0,0
1759730400000,319.408,319.408,319.408,319.408,0,1759733999999,0,0,0,0,0
1759734000000,319.408,319.408,319.408,319.408,0,1759737599999,0,0,0,0,0
1759737600000,319.408,319.408,319.408,319.408,0,1759741199999,0,0,0,0,0
1759741200000,319.408,319.408,319.408,319.408,0,1759744799999,0,0,0,0,0
1759744800000,319.408,319.408,319.408,319.408,0,1759748399999,0,0,0,0,0
1759748400000,319.408,319.408,319.408,319.408,0,1759751999999,0,0,0,0,0
1759752000000,319.408,319.408,319.408,319.408,0,1759755599999,0,0,0,0,0
1759755600000,319.408,319.408,319.408,319.408,0,1759759199999,0,0,0,0,0
1759759200000,319.408,319.408,319.408,319.408,0,1759762799999,0,0,0,0,0
1759762800000,319.408,319.408,319.408,319.408,0,1759766399999,0,0,0,0,0
1759766400000,319.408,319.408,319.408,319.408,0,1759769999999,0,0,0,0,0
1759770000000,319.408,319.408,319.408,319.408,0,1759773599999,0,0,0,0,0
1759773600000,319.408,319.408,319.408,319.408,0,1759777199999,0,0,0,0,0
1759777200000,319.408,319.408,319.408,319.408,0,1759780799999,0,0,0,0,0
1759780800000,319.408,319.408,319.408,319.408,0,1759784399999,0,0,0,0,0
1759784400000,319.408,319.408,319.408,319.408,0,1759787999999,0,0,0,0,0
1759788000000,319.408,319.408,319.408,319.408,0,1759791599999,0,0,0,0,0
1759791600000,319.408,319.408,319.408,319.408,0,1759795199999,0,0,0,0,0
1759795200000,319.408,319.408,319.408,319.408,0,1759798799999,0,0,0,0,0
1759798800000,319.408,319.408,319.408,319.408,0,1759802399999,0,0,0,0,0
1759802400000,319.408,319.408,319.408,319.408,0,1759805999999,0,0,0,0,0
1759806000000,319.408,319.408,319.408,319.408,0,1759809599999,0,0,0,0,0
1759809600000,319.408,319.408,319.408,319.408,0,1759813199999,0,0,0,0,0
1759813200000,319.408,319.408,319.408,319.408,0,1759816799999,0,0,0,0,0
1759816800000,319.408,319.408,319.408,319.408,0,1759820399999,0,0,0,0,0
1759820400000,319.408,319.408,319.408,319.408,0,1759823999999,0,0,0,0,0
1759824000000,319.408,319.408,319.408,319.408,0,1759827599999,0,0,0,0,0
1759827600000,319.408,319.408,319.408,319.408,0,1759831199999,0,0,0,0,0
1759831200000,319.408,319.408,319.408,319.408,0,1759834799999,0,0,0,0,0
1759834800000,319.408,319.408,319.408,319.408,0,1759838399999,0,0,0,0,0
1759838400000,319.408,319.408,319.408,319.408,0,1759841999999,0,0,0,0,0
1759842000000,319.408,319.408,319.408,319.408,0,1759845599999,0,0,0,0,0
1759845600000,319.408,319.408,319.408,319.408,0,1759849199999,0,0,0,0,0
1759849200000,319.408,319.408,319.408,319.408,0,1759852799999,0,0,0,0,0
1759852800000,319.408,319.408,319.408,319.408,0,1759856399999,0,0,0,0,0
1759856400000,319.408,319.408,319.408,319.408,0,1759859999999,0,0,0,0,0
1759860000000,319.408,319.408,319.408,319.408,0,1759863599999,0,0,0,0,0
1759863600000,319.408,319.408,319.408,319.408,0,1759867199999,0,0,0,0,0
1759867200000,319.408,319.408,319.408,319.408,0,1759870799999,0,0,0,0,0
1759870800000,319.408,319.408,319.408,319.408,0,1759874399999,0,0,0,0,0
1759874400000,319.408,319.408,319.408,319.408,0,1759877999999,0,0,0,0,0
1759878000000,319.408,319.408,319.408,319.408,0,1759881599999,0,0,0,0,0
1759881600000,319.408,319.408,319.408,319.408,0,1759885199999,0,0,0,0,0
1759885200000,319.408,319.408,319.408,319.408,0,1759888799999,0,0,0,0,0
1759888800000,319.408,319.408,319.408,319.408,0,1759892399999,0,0,0,0,0
1759892400000,319.408,319.408,319.408,319.408,0,1759895999999,0,0,0,0,0
1759896000000,319.408,319.408,319.408,319.408,0,1759899599999,0,0,0,0,0
1759899600000,319.408,319.408,319.408,319.408,0,1759903199999,0,0,0,0,0
1759903200000,319.408,319.408,319.408,319.408,0,1759906799999,0,0,0,0,0
1759906800000,319.408,319.408,319.408,319.408,0,1759910399999,0,0,0,0,0
1759910400000,319.408,319.408,319.408,319.408,0,1759913999999,0,0,0,0,0
1759914000000,319.408,319.408,319.408,319.408,0,1759917599999,0,0,0,0,0
1759917600000,319.408,319.408,319.408,319.408,0,1759921199999,0,0,0,0,0
1759921200000,319.408,319.408,319.408,319.408,0,1759924799999,0,0,0,0,0
1759924800000,319.408,319.408,319.408,319.408,0,1759928399999,0,0,0,0,0
1759928400000,319.408,319.408,319.408,319.408,0,1759931999999,0,0,0,0,0
1759932000000,319.408,319.408,319.408,319.408,0,1759935599999,0,0,0,0,0
1759935600000,319.408,319.408,319.408,319.408,0,1759939199999,0,0,0,0,0
1759939200000,319.408,319.408,319.408,319.408,0,1759942799999,0,0,0,0,0
1759942800000,319.408,319.408,319.408,319.408,0,1759946399999,0,0,0,0,0
1759946400000,319.408,319.408,319.408,319.408,0,1759949999999,0,0,0,0,0
1759950000000,319.408,319.408,319.408,319.408,0,1759953599999,0,0,0,0,0
1759953600000,319.408,319.408,319.408,319.408,0,1759957199999,0,0,0,0,0
1759957200000,319.408,319.408,319.408,319.408,0,1759960799999,0,0,0,0,0
1759960800000,319.408,319.408,319.408,319.408,0,1759964399999,0,0,0,0,0
1759964400000,319.408,319.408,319.408,319.408,0,1759967999999,0,0,0,0,0
1759968000000,319.408,319.408,319.408,319.408,0,1759971599999,0,0,0,0,0
1759971600000,319.408,319.408,319.408,319.408,0,1759975199999,0,0,0,0,0
1759975200000,319.408,319.408,319.408,319.408,0,1759978799999,0,0,0,0,0
1759978800000,319.408,319.408,319.408,319.408,0,1759982399999,0,0,0,0,0
1759982400000,319.408,319.408,319.408,319.408,0,1759985999999,0,0,0,0,0
1759986000000,319.408,319.408,319.408,319.408,0,1759989599999,0,0,0,0,0
1759989600000,319.408,319.408,319.408,319.408,0,1759993199999,0,0,0,0,0
1759993200000,319.408,319.408,319.408,319.408,0,1759996799999,0,0,0,0,0
1759996800000,319.408,319.408,319.408,319.408,0,1760000399999,0,0,0,0,0
1760000400000,319.408,319.408,319.408,319.408,0,1760003999999,0,0,0,0,0
1760004000000,319.408,319.408,319.408,319.408,0,1760007599999,0,0,0,0,0
1760007600000,319.408,319.408,319.408,319.408,0,1760011199999,0,0,0,0,0
1760011200000,319.408,319.408,319.408,319.408,0,1760014799999,0,0,0,0,0
1760014800000,319.408,319.408,319.408,319.408,0,1760018399999,0,0,0,0,0
1760018400000,319.408,319.408,319.408,319.408,0,1760021999999,0,0,0,0,0
1760022000000,319.408,319.408,319.408,319.408,0,1760025599999,0,0,0,0,0
1760025600000,319.408,319.408,319.408,319.408,0,1760029199999,0,0,0,0,0
1760029200000,319.408,319.408,319.408,319.408,0,1760032799999,0,0,0,0,0
1760032800000,319.408,319.408,319.408,319.408,0,1760036399999,0,0,0,0,0
1760036400000,319.408,319.408,319.408,319.408,0,1760039999999,0,0,0,0,0
1760040000000,319.408,319.408,319.408,319.408,0,1760043599999,0,0,0,0,0
1760043600000,319.408,319.408,319.408,319.408,0,1760047199999,0,0,0,0,0
1760047200000,319.408,319.408,319.408,319.408,0,1760050799999,0,0,0,0,0
1760050800000,319.408,319.408,319.408,319.408,0,1760054399999,0,0,0,0,0
1760054400000,319.408,319.408,319.408,319.408,0,1760057999999,0,0,0,0,0
1760058000000,319.408,319.408,319.408,319.408,0,1760061599999,0,0,0,0,0
1760061600000,319.408,319.408,319.408,319.408,0,1760065199999,0,0,0,0,0
1760065200000,319.408,319.408,319.408,319.408,0,1760068799999,0,0,0,0,0
1760068800000,319.408,319.408,319.408,319.408,0,1760072399999,0,0,0,0,0
1760072400000,319.408,319.408,319.408,319.408,0,1760075999999,0,0,0,0,0
1760076000000,319.408,319.408,319.408,319.408,0,1760079599999,0,0,0,0,0
1760079600000,319.408,319.408,319.408,319.408,0,1760083199999,0,0,0,0,0
1760083200000,319.408,319.408,319.408,319.408,0,1760086799999,0,0,0,0,0
1760086800000,319.408,319.408,319.408,319.408,0,1760090399999,0,0,0,0,0
1760090400000,319.408,319.408,319.408,319.408,0,1760093999999,0,0,0,0,0
1760094000000,319.408,319.408,319.408,319.408,0,1760097599999,0,0,0,0,0
1760097600000,319.408,319.408,319.408,319.408,0,1760101199999,0,0,0,0,0
1760101200000,319.408,319.408,319.408,319.408,0,1760104799999,0,0,0,0,0
1760104800000,319.408,319.408,319.408,319.408,0,1760108399999,0,0,0,0,0
1760108400000,319.408,319.408,319.408,319.408,0,1760111999999,0,0,0,0,0
1760112000000,319.408,319.408,319.408,319.408,0,1760115599999,0,0,0,0,0
1760115600000,319.408,319.408,319.408,319.408,0,1760119199999,0,0,0,0,0
1760119200000,319.408,319.408,319.408,319.408,0,1760122799999,0,0,0,0,0
1760122800000,319.408,319.408,319.408,319.408,0,1760126399999,0,0,0,0,0
1760126400000,319.408,319.408,319.408,319.408,0,1760129999999,0,0,0,0,0
1760130000000,319.408,319.408,319.408,319.408,0,1760133599999,0,0,0,0,0
1760133600000,319.408,319.408,319.408,319.408,0,1760137199999,0,0,0,0,0
1760137200000,319.408,319.408,319.408,319.408,0,1760140799999,0,0,0,0,0
1760140800000,319.408,319.408,319.408,319.408,0,1760144399999,0,0,0,0,0
1760144400000,319.408,319.408,319.408,319.408,0,1760147999999,0,0,0,0,0
1760148000000,319.408,319.408,319.408,319.408,0,1760151599999,0,0,0,0,0
1760151600000,319.408,319.408,319.408,319.408,0,1760155199999,0,0,0,0,0
1760155200000,319.408,319.408,319.408,319.408,0,1760158799999,0,0,0,0,0
1760158800000,319.408,319.408,319.408,319.408,0,1760162399999,0,0,0,0,0
1760162400000,319.408,319.408,319.408,319.408,0,1760165999999,0,0,0,0,0
1760166000000,319.408,319.408,319.408,319.408,0,1760169599999,0,0,0,0,0
1760169600000,319.408,319.408,319.408,319.408,0,1760173199999,0,0,0,0,0
1760173200000,319.408,319.408,319.408,319.408,0,1760176799999,0,0,0,0,0
1760176800000,319.408,319.408,319.408,319.408,0,1760180399999,0,0,0,0,0
1760180400000,319.408,319.408,319.408,319.408,0,1760183999999,0,0,0,0,0
1760184000000,319.408,319.408,319.408,319.408,0,1760187599999,0,0,0,0,0
1760187600000,319.408,319.408,319.408,319.408,0,1760191199999,0,0,0,0,0
1760191200000,319.408,319.408,319.408,319.408,0,1760194799999,0,0,0,0,0
1760194800000,319.408,319.408,319.408,319.408,0,1760198399999,0,0,0,0,0
1760198400000,319.408,319.408,319.408,319.408,0,1760201999999,0,0,0,0,0
1760202000000,319.408,319.408,319.408,319.408,0,1760205599999,0,0,0,0,0
1760205600000,319.408,319.408,319.408,319.408,0,1760209199999,0,0,0,0,0
1760209200000,319.408,319.408,319.408,319.408,0,1760212799999,0,0,0,0,0
1760212800000,319.408,319.408,319.408,319.408,0,1760216399999,0,0,0,0,0
1760216400000,319.408,319.408,319.408,319.408,0,1760219999999,0,0,0,0,0
1760220000000,319.408,319.408,319.408,319.408,0,1760223599999,0,0,0,0,0
1760223600000,319.408,319.408,319.408,319.408,0,1760227199999,0,0,0,0,0
1760227200000,319.408,319.408,319.408,319.408,0,1760230799999,0,0,0,0,0
1760230800000,319.408,319.408,319.408,319.408,0,1760234399999,0,0,0,0,0
1760234400000,319.408,319.408,319.408,319.408,0,1760237999999,0,0,0,0,0
1760238000000,319.408,319.408,319.408,319.408,0,1760241599999,0,0,0,0,0
1760241600000,319.408,319.408,319.408,319.408,0,1760245199999,0,0,0,0,0
1760245200000,319.408,319.408,319.408,319.408,0,1760248799999,0,0,0,0,0
1760248800000,319.408,319.408,319.408,319.408,0,1760252399999,0,0,0,0,0
1760252400000,319.408,319.408,319.408,319.408,0,1760255999999,0,0,0,0,0
1760256000000,319.408,319.408,319.408,319.408,0,1760259599999,0,0,0,0,0
1760259600000,319.408,319.408,319.408,319.408,0,1760263199999,0,0,0,0,0
1760263200000,319.408,319.408,319.408,319.408,0,1760266799999,0,0,0,0,0
1760266800000,319.408,319.408,319.408,319.408,0,1760270399999,0,0,0,0,0
1760270400000,319.408,319.408,319.408,319.408,0,1760273999999,0,0,0,0,0
1760274000000,319.408,319.408,319.408,319.408,0,1760277599999,0,0,0,0,0
1760277600000,319.408,319.408,319.408,319.408,0,1760281199999,0,0,0,0,0
1760281200000,319.408,319.408,319.408,319.408,0,1760284799999,0,0,0,0,0
1760284800000,319.408,319.408,319.408,319.408,0,1760288399999,0,0,0,0,0
1760288400000,319.408,319.408,319.408,319.408,0,1760291999999,0,0,0,0,0
1760292000000,319.408,319.408,319.408,319.408,0,1760295599999,0,0,0,0,0
1760295600000,319.408,319.408,319.408,319.408,0,1760299199999,0,0,0,0,0
1760299200000,319.408,319.408,319.408,319.408,0,1760302799999,0,0,0,0,0
1760302800000,319.408,319.408,319.408,319.408,0,1760306399999,0,0,0,0,0
1760306400000,319.408,319.408,319.408,319.408,0,1760309999999,0,0,0,0,0
1760310000000,319.408,319.408,319.408,319.408,0,1760313599999,0,0,0,0,0
1760313600000,319.408,319.408,319.408,319.408,0,1760317199999,0,0,0,0,0
1760317200000,319.408,319.408,319.408,319.408,0,1760320799999,0,0,0,0,0
1760320800000,319.408,319.408,319.408,319.408,0,1760324399999,0,0,0,0,0
1760324400000,319.408,319.408,319.408,319.408,0,1760327999999,0,0,0,0,0
1760328000000,319.408,319.408,319.408,319.408,0,1760331599999,0,0,0,0,0
1760331600000,319.408,319.408,319.408,319.408,0,1760335199999,0,0,0,0,0
1760335200000,319.408,319.408,319.408,319.408,0,1760338799999,0,0,0,0,0
1760338800000,319.408,319.408,319.408,319.408,0,1760342399999,0,0,0,0,0
1760342400000,319.408,319.408,319.408,319.408,0,1760345999999,0,0,0,0,0
1760346000000,319.408,319.408,319.408,319.408,0,1760349599999,0,0,0,0,0
1760349600000,319.408,319.408,319.408,319.408,0,1760353199999,0,0,0,0,0
1760353200000,319.408,319.408,319.408,319.408,0,1760356799999,0,0,0,0,0
1760356800000,319.408,319.408,319.408,319.408,0,1760360399999,0,0,0,0,0
1760360400000,319.408,319.408,319.408,319.408,0,1760363999999,0,0,0,0,0
1760364000000,319.408,319.408,319.408,319.408,0,1760367599999,0,0,0,0,0
1760367600000,319.408,319.408,319.408,319.408,0,1760371199999,0,0,0,0,0
1760371200000,319.408,319.408,319.408,319.408,0,1760374799999,0,0,0,0,0
1760374800000,319.408,319.408,319.408,319.408,0,1760378399999,0,0,0,0,0
1760378400000,319.408,319.408,319.408,319.408,0,1760381999999,0,0,0,0,0
1760382000000,319.408,319.408,319.408,319.408,0,1760385599999,0,0,0,0,0
1760385600000,319.408,319.408,319.408,319.408,0,1760389199999,0,0,0,0,0
1760389200000,319.408,319.408,319.408,319.408,0,1760392799999,0,0,0,0,0
1760392800000,319.408,319.408,319.408,319.408,0,1760396399999,0,0,0,0,0
1760396400000,319.408,319.408,319.408,319.408,0,1760399999999,0,0,0,0,0
1760400000000,319.408,319.408,319.408,319.408,0,1760403599999,0,0,0,0,0
1760403600000,319.408,319.408,319.408,319.408,0,1760407199999,0,0,0,0,0
1760407200000,319.408,319.408,319.408,319.408,0,1760410799999,0,0,0,0,0
1760410800000,319.408,319.408,319.408,319.408,0,1760414399999,0,0,0,0,0
1760414400000,319.408,319.408,319.408,319.408,0,1760417999999,0,0,0,0,0
1760418000000,319.408,319.408,319.408,319.408,0,1760421599999,0,0,0,0,0
1760421600000,319.408,319.408,319.408,319.408,0,1760425199999,0,0,0,0,0
1760425200000,319.408,319.408,319.408,319.408,0,1760428799999,0,0,0,0,0
1760428800000,319.408,319.408,319.408,319.408,0,1760432399999,0,0,0,0,0
1760432400000,319.408,319.408,319.408,319.408,0,1760435999999,0,0,0,0,0
1760436000000,319.408,319.408,319.408,319.408,0,1760439599999,0,0,0,0,0
1760439600000,319.408,319.408,319.408,319.408,0,1760443199999,0,0,0,0,0
1760443200000,319.408,319.408,319.408,319.408,0,1760446799999,0,0,0,0,0
1760446800000,319.408,319.408,319.408,319.408,0,1760450399999,0,0,0,0,0
1760450400000,319.408,319.408,319.408,319.408,0,1760453999999,0,0,0,0,0
1760454000000,319.408,319.408,319.408,319.408,0,1760457599999,0,0,0,0,0
1760457600000,319.408,319.408,319.408,319.408,0,1760461199999,0,0,0,0,0
1760461200000,319.408,319.408,319.408,319.408,0,1760464799999,0,0,0,0,0
1760464800000,319.408,319.408,319.408,319.408,0,1760468399999,0,0,0,0,0
1760468400000,319.408,319.408,319.408,319.408,0,1760471999999,0,0,0,0,0
1760472000000,319.408,319.408,319.408,319.408,0,1760475599999,0,0,0,0,0
1760475600000,319.408,319.408,319.408,319.408,0,1760479199999,0,0,0,0,0
1760479200000,319.408,319.408,319.408,319.408,0,1760482799999,0,0,0,0,0
1760482800000,319.408,319.408,319.408,319.408,0,1760486399999,0,0,0,0,0
1760486400000,319.408,319.408,319.408,319.408,0,1760489999999,0,0,0,0,0
1760490000000,319.408,319.408,319.408,319.408,0,1760493599999,0,0,0,0,0
1760493600000,319.408,319.408,319.408,319.408,0,1760497199999,0,0,0,0,0
1760497200000,319.408,319.408,319.408,319.408,0,1760500799999,0,0,0,0,0
1760500800000,319.408,319.408,319.408,319.408,0,1760504399999,0,0,0,0,0
1760504400000,319.408,319.408,319.408,319.408,0,1760507999999,0,0,0,0,0
1760508000000,319.408,319.408,319.408,319.408,0,1760511599999,0,0,0,0,0
1760511600000,319.408,319.408,319.408,319.408,0,1760515199999,0,0,0,0,0
1760515200000,319.408,319.408,319.408,319.408,0,1760518799999,0,0,0,0,0
1760518800000,319.408,319.408,319.408,319.408,0,1760522399999,0,0,0,0,0
1760522400000,319.408,319.408,319.408,319.408,0,1760525999999,0,0,0,0,0
1760526000000,319.408,319.408,319.408,319.408,0,1760529599999,0,0,0,0,0
1760529600000,319.408,319.408,319.408,319.408,0,1760533199999,0,0,0,0,0
1760533200000,319.408,319.408,319.408,319.408,0,1760536799999,0,0,0,0,0
1760536800000,319.408,319.408,319.408,319.408,0,1760540399999,0,0,0,0,0
1760540400000,319.408,319.408,319.408,319.408,0,1760543999999,0,0,0,0,0
1760544000000,319.408,319.408,319.408,319.408,0,1760547599999,0,0,0,0,0
1760547600000,319.408,319.408,319.408,319.408,0,1760551199999,0,0,0,0,0
1760551200000,319.408,319.408,319.408,319.408,0,1760554799999,0,0,0,0,0
1760554800000,319.408,319.408,319.408,319.408,0,1760558399999,0,0,0,0,0
1760558400000,319.408,319.408,319.408,319.408,0,1760561999999,0,0,0,0,0
1760562000000,319.408,319.408,319.408,319.408,0,1760565599999,0,0,0,0,0
1760565600000,319.408,319.408,319.408,319.408,0,1760569199999,0,0,0,0,0
1760569200000,319.408,319.408,319.408,319.408,0,1760572799999,0,0,0,0,0
1760572800000,319.408,319.408,319.408,319.408,0,1760576399999,0,0,0,0,0
1760576400000,319.408,319.408,319.408,319.408,0,1760579999999,0,0,0,0,0
1760580000000,319.408,319.408,319.408,319.408,0,1760583599999,0,0,0,0,0
1760583600000,319.408,319.408,319.408,319.408,0,1760587199999,0,0,0,0,0
1760587200000,319.408,319.408,319.408,319.408,0,1760590799999,0,0,0,0,0
1760590800000,319.408,319.408,319.408,319.408,0,1760594399999,0,0,0,0,0
1760594400000,319.408,319.408,319.408,319.408,0,1760597999999,0,0,0,0,0
1760598000000,319.408,319.408,319.408,319.408,0,1760601599999,0,0,0,0,0
1760601600000,319.408,319.408,319.408,319.408,0,1760605199999,0,0,0,0,0
1760605200000,319.408,319.408,319.408,319.408,0,1760608799999,0,0,0,0,0
1760608800000,319.408,319.408,319.408,319.408,0,1760612399999,0,0,0,0,0
1760612400000,319.408,319.408,319.408,319.408,0,1760615999999,0,0,0,0,0
1760616000000,319.408,319.408,319.408,319.408,0,1760619599999,0,0,0,0,0
1760619600000,319.408,319.408,319.408,319.408,0,1760623199999,0,0,0,0,0
1760623200000,319.408,319.408,319.408,319.408,0,1760626799999,0,0,0,0,0
1760626800000,319.408,319.408,319.408,319.408,0,1760630399999,0,0,0,0,0
1760630400000,319.408,319.408,319.408,319.408,0,1760633999999,0,0,0,0,0
1760634000000,319.408,319.408,319.408,319.408,0,1760637599999,0,0,0,0,0
1760637600000,319.408,319.408,319.408,319.408,0,1760641199999,0,0,0,0,0
1760641200000,319.408,319.408,319.408,319.408,0,1760644799999,0,0,0,0,0
1760644800000,319.408,319.408,319.408,319.408,0,1760648399999,0,0,0,0,0
1760648400000,319.408,319.408,319.408,319.408,0,1760651999999,0,0,0,0,0
1760652000000,319.408,319.408,319.408,319.408,0,1760655599999,0,0,0,0,0
1760655600000,319.408,319.408,319.408,319.408,0,1760659199999,0,0,0,0,0
1760659200000,319.408,319.408,319.408,319.408,0,1760662799999,0,0,0,0,0
1760662800000,319.408,319.408,319.408,319.408,0,1760666399999,0,0,0,0,0
1760666400000,319.408,319.408,319.408,319.408,0,1760669999999,0,0,0,0,0
1760670000000,319.408,319.408,319.408,319.408,0,1760673599999,0,0,0,0,0
1760673600000,319.408,319.408,319.408,319.408,0,1760677199999,0,0,0,0,0
1760677200000,319.408,319.408,319.408,319.408,0,1760680799999,0,0,0,0,0
1760680800000,319.408,319.408,319.408,319.408,0,1760684399999,0,0,0,0,0
1760684400000,319.408,319.408,319.408,319.408,0,1760687999999,0,0,0,0,0
1760688000000,319.408,319.408,319.408,319.408,0,1760691599999,0,0,0,0,0
1760691600000,319.408,319.408,319.408,319.408,0,1760695199999,0,0,0,0,0
1760695200000,319.408,319.408,319.408,319.408,0,1760698799999,0,0,0,0,0
1760698800000,319.408,319.408,319.408,319.408,0,1760702399999,0,0,0,0,0
1760702400000,319.408,319.408,319.408,319.408,0,1760705999999,0,0,0,0,0
1760706000000,319.408,319.408,319.408,319.408,0,1760709599999,0,0,0,0,0
1760709600000,319.408,319.408,319.408,319.408,0,1760713199999,0,0,0,0,0
1760713200000,319.408,319.408,319.408,319.408,0,1760716799999,0,0,0,0,0
1760716800000,319.408,319.408,319.408,319.408,0,1760720399999,0,0,0,0,0
1760720400000,319.408,319.408,319.408,319.408,0,1760723999999,0,0,0,0,0
1760724000000,319.408,319.408,319.408,319.408,0,1760727599999,0,0,0,0,0
1760727600000,319.408,319.408,319.408,319.408,0,1760731199999,0,0,0,0,0
1760731200000,319.408,319.408,319.408,319.408,0,1760734799999,0,0,0,0,0
1760734800000,319.408,319.408,319.408,319.408,0,1760738399999,0,0,0,0,0
1760738400000,319.408,319.408,319.408,319.408,0,1760741999999,0,0,0,0,0
1760742000000,319.408,319.408,319.408,319.408,0,1760745599999,0,0,0,0,0
1760745600000,319.408,319.408,319.408,319.408,0,1760749199999,0,0,0,0,0
1760749200000,319.408,319.408,319.408,319.408,0,1760752799999,0,0,0,0,0
1760752800000,319.408,319.408,319.408,319.408,0,1760756399999,0,0,0,0,0
1760756400000,319.408,319.408,319.408,319.408,0,1760759999999,0,0,0,0,0
1760760000000,319.408,319.408,319.408,319.408,0,1760763599999,0,0,0,0,0
1760763600000,319.408,319.408,319.408,319.408,0,1760767199999,0,0,0,0,0
1760767200000,319.408,319.408,319.408,319.408,0,1760770799999,0,0,0,0,0
1760770800000,319.408,319.408,319.408,319.408,0,1760774399999,0,0,0,0,0
1760774400000,319.408,319.408,319.408,319.408,0,1760777999999,0,0,0,0,0
1760778000000,319.408,319.408,319.408,319.408,0,1760781599999,0,0,0,0,0
1760781600000,319.408,319.408,319.408,319.408,0,1760785199999,0,0,0,0,0
1760785200000,319.408,319.408,319.408,319.408,0,1760788799999,0,0,0,0,0
1760788800000,319.408,319.408,319.408,319.408,0,1760792399999,0,0,0,0,0
1760792400000,319.408,319.408,319.408,319.408,0,1760795999999,0,0,0,0,0
1760796000000,319.408,319.408,319.408,319.408,0,1760799599999,0,0,0,0,0
1760799600000,319.408,319.408,319.408,319.408,0,1760803199999,0,0,0,0,0
1760803200000,319.408,319.408,319.408,319.408,0,1760806799999,0,0,0,0,0
1760806800000,319.408,319.408,319.408,319.408,0,1760810399999,0,0,0,0,0
1760810400000,319.408,319.408,319.408,319.408,0,1760813999999,0,0,0,0,0
1760814000000,319.408,319.408,319.408,319.408,0,1760817599999,0,0,0,0,0
1760817600000,319.408,319.408,319.408,319.408,0,1760821199999,0,0,0,0,0
1760821200000,319.408,319.408,319.408,319.408,0,1760824799999,0,0,0,0,0
1760824800000,319.408,319.408,319.408,319.408,0,1760828399999,0,0,0,0,0
1760828400000,319.408,319.408,319.408,319.408,0,1760831999999,0,0,0,0,0
1760832000000,319.408,319.408,319.408,319.408,0,1760835599999,0,0,0,0,0
1760835600000,319.408,319.408,319.408,319.408,0,1760839199999,0,0,0,0,0
1760839200000,319.408,319.408,319.408,319.408,0,1760842799999,0,0,0,0,0
1760842800000,319.408,319.408,319.408,319.408,0,1760846399999,0,0,0,0,0
1760846400000,319.408,319.408,319.408,319.408,0,1760849999999,0,0,0,0,0
1760850000000,319.408,319.408,319.408,319.408,0,1760853599999,0,0,0,0,0
1760853600000,319.408,319.408,319.408,319.408,0,1760857199999,0,0,0,0,0
1760857200000,319.408,319.408,319.408,319.408,0,1760860799999,0,0,0,0,0
1760860800000,319.408,319.408,319.408,319.408,0,1760864399999,0,0,0,0,0
1760864400000,319.408,319.408,319.408,319.408,0,1760867999999,0,0,0,0,0
1760868000000,319.408,319.408,319.408,319.408,0,1760871599999,0,0,0,0,0
1760871600000,319.408,319.408,319.408,319.408,0,1760875199999,0,0,0,0,0
1760875200000,319.408,319.408,319.408,319.408,0,1760878799999,0,0,0,0,0
1760878800000,319.408,319.408,319.408,319.408,0,1760882399999,0,0,0,0,0
1760882400000,319.408,319.408,319.408,319.408,0,1760885999999,0,0,0,0,0
1760886000000,319.408,319.408,319.408,319.408,0,1760889599999,0,0,0,0,0
1760889600000,319.408,319.408,319.408,319.408,0,1760893199999,0,0,0,0,0
1760893200000,319.408,319.408,319.408,319.408,0,1760896799999,0,0,0,0,0
1760896800000,319.408,319.408,319.408,319.408,0,1760900399999,0,0,0,0,0
1760900400000,319.408,319.408,319.408,319.408,0,1760903999999,0,0,0,0,0
1760904000000,319.408,319.408,319.408,319.408,0,1760907599999,0,0,0,0,0
1760907600000,319.408,319.408,319.408,319.408,0,1760911199999,0,0,0,0,0
1760911200000,319.408,319.408,319.408,319.408,0,1760914799999,0,0,0,0,0
1760914800000,319.408,319.408,319.408,319.408,0,1760918399999,0,0,0,0,0
1760918400000,319.408,319.408,319.408,319.408,0,1760921999999,0,0,0,0,0
1760922000000,319.408,319.408,319.408,319.408,0,1760925599999,0,0,0,0,0
1760925600000,319.408,319.408,319.408,319.408,0,1760929199999,0,0,0,0,0
1760929200000,319.408,319.408,319.408,319.408,0,1760932799999,0,0,0,0,0
1760932800000,319.408,319.408,319.408,319.408,0,1760936399999,0,0,0,0,0
1760936400000,319.408,319.408,319.408,319.408,0,1760939999999,0,0,0,0,0
1760940000000,319.408,319.408,319.408,319.408,0,1760943599999,0,0,0,0,0
1760943600000,319.408,319.408,319.408,319.408,0,1760947199999,0,0,0,0,0
1760947200000,319.408,319.408,319.408,319.408,0,1760950799999,0,0,0,0,0
1760950800000,319.408,319.408,319.408,319.408,0,1760954399999,0,0,0,0,0
1760954400000,319.408,319.408,319.408,319.408,0,1760957999999,0,0,0,0,0
1760958000000,319.408,319.408,319.408,319.408,0,1760961599999,0,0,0,0,0
1760961600000,319.408,319.408,319.408,319.408,0,1760965199999,0,0,0,0,0
1760965200000,319.408,319.408,319.408,319.408,0,1760968799999,0,0,0,0,0
1760968800000,319.408,319.408,319.408,319.408,0,1760972399999,0,0,0,0,0
1760972400000,319.408,319.408,319.408,319.408,0,1760975999999,0,0,0,0,0
1760976000000,319.408,319.408,319.408,319.408,0,1760979599999,0,0,0,0,0
1760979600000,319.408,319.408,319.408,319.408,0,1760983199999,0,0,0,0,0
1760983200000,319.408,319.408,319.408,319.408,0,1760986799999,0,0,0,0,0
1760986800000,319.408,319.408,319.408,319.408,0,1760990399999,0,0,0,0,0
1760990400000,319.408,319.408,319.408,319.408,0,1760993999999,0,0,0,0,0
1760994000000,319.408,319.408,319.408,319.408,0,1760997599999,0,0,0,0,0
1760997600000,319.408,319.408,319.408,319.408,0,1761001199999,0,0,0,0,0
1761001200000,319.408,319.408,319.408,319.408,0,1761004799999,0,0,0,0,0
1761004800000,319.408,319.408,319.408,319.408,0,1761008399999,0,0,0,0,0
1761008400000,319.408,319.408,319.408,319.408,0,1761011999999,0,0,0,0,0
1761012000000,319.408,319.408,319.408,319.408,0,1761015599999,0,0,0,0,0
1761015600000,319.408,319.408,319.408,319.408,0,1761019199999,0,0,0,0,0
1761019200000,319.408,319.408,319.408,319.408,0,1761022799999,0,0,0,0,0
1761022800000,319.408,319.408,319.408,319.408,0,1761026399999,0,0,0,0,0
1761026400000,319.408,319.408,319.408,319.408,0,1761029999999,0,0,0,0,0
1761030000000,319.408,319.408,319.408,319.408,0,1761033599999,0,0,0,0,0
1761033600000,319.408,319.408,319.408,319.408,0,1761037199999,0,0,0,0,0
1761037200000,319.408,319.408,319.408,319.408,0,1761040799999,0,0,0,0,0
1761040800000,319.408,319.408,319.408,319.408,0,1761044399999,0,0,0,0,0
1761044400000,319.408,319.408,319.408,319.408,0,1761047999999,0,0,0,0,0
1761048000000,319.408,319.408,319.408,319.408,0,1761051599999,0,0,0,0,0
1761051600000,319.408,319.408,319.408,319.408,0,1761055199999,0,0,0,0,0
1761055200000,319.408,319.408,319.408,319.408,0,1761058799999,0,0,0,0,0
1761058800000,319.408,319.408,319.408,319.408,0,1761062399999,0,0,0,0,0
1761062400000,319.408,319.408,319.408,319.408,0,1761065999999,0,0,0,0,0
1761066000000,319.408,319.408,319.408,319.408,0,1761069599999,0,0,0,0,0
1761069600000,319.408,319.408,319.408,319.408,0,1761073199999,0,0,0,0,0
1761073200000,319.408,319.408,319.408,319.408,0,1761076799999,0,0,0,0,0
1761076800000,319.408,319.408,319.408,319.408,0,1761080399999,0,0,0,0,0
1761080400000,319.408,319.408,319.408,319.408,0,1761083999999,0,0,0,0,0
1761084000000,319.408,319.408,319.408,319.408,0,1761087599999,0,0,0,0,0
1761087600000,319.408,319.408,319.408,319.408,0,1761091199999,0,0,0,0,0
1761091200000,319.408,319.408,319.408,319.408,0,1761094799999,0,0,0,0,0
1761094800000,319.408,319.408,319.408,319.408,0,1761098399999,0,0,0,0,0
1761098400000,319.408,319.408,319.408,319.408,0,1761101999999,0,0,0,0,0
1761102000000,319.408,319.408,319.408,319.408,0,1761105599999,0,0,0,0,0
1761105600000,319.408,319.408,319.408,319.408,0,1761109199999,0,0,0,0,0
1761109200000,319.408,319.408,319.408,319.408,0,1761112799999,0,0,0,0,0
1761112800000,319.408,319.408,319.408,319.408,0,1761116399999,0,0,0,0,0
1761116400000,319.408,319.408,319.408,319.408,0,1761119999999,0,0,0,0,0
1761120000000,319.408,319.408,319.408,319.408,0,1761123599999,0,0,0,0,0
1761123600000,319.408,319.408,319.408,319.408,0,1761127199999,0,0,0,0,0
1761127200000,319.408,319.408,319.408,319.408,0,1761130799999,0,0,0,0,0
1761130800000,319.408,319.408,319.408,319.408,0,1761134399999,0,0,0,0,0
1761134400000,319.408,319.408,319.408,319.408,0,1761137999999,0,0,0,0,0
1761138000000,319.408,319.408,319.408,319.408,0,1761141599999,0,0,0,0,0
1761141600000,319.408,319.408,319.408,319.408,0,1761145199999,0,0,0,0,0
1761145200000,319.408,319.408,319.408,319.408,0,1761148799999,0,0,0,0,0
1761148800000,319.408,319.408,319.408,319.408,0,1761152399999,0,0,0,0,0
1761152400000,319.408,319.408,319.408,319.408,0,1761155999999,0,0,0,0,0
1761156000000,319.408,319.408,319.408,319.408,0,1761159599999,0,0,0,0,0
1761159600000,319.408,319.408,319.408,319.408,0,1761163199999,0,0,0,0,0
1761163200000,319.408,319.408,319.408,319.408,0,1761166799999,0,0,0,0,0
1761166800000,319.408,319.408,319.408,319.408,0,1761170399999,0,0,0,0,0
1761170400000,319.408,319.408,319.408,319.408,0,1761173999999,0,0,0,0,0
1761174000000,319.408,319.408,319.408,319.408,0,1761177599999,0,0,0,0,0
1761177600000,319.408,319.408,319.408,319.408,0,1761181199999,0,0,0,0,0
1761181200000,319.408,319.408,319.408,319.408,0,1761184799999,0,0,0,0,0
1761184800000,319.408,319.408,319.408,319.408,0,1761188399999,0,0,0,0,0
1761188400000,319.408,319.408,319.408,319.408,0,1761191999999,0,0,0,0,0
1761192000000,319.408,319.408,319.408,319.408,0,1761195599999,0,0,0,0,0
1761195600000,319.408,319.408,319.408,319.408,0,1761199199999,0,0,0,0,0
1761199200000,319.408,319.408,319.408,319.408,0,1761202799999,0,0,0,0,0
1761202800000,319.408,319.408,319.408,319.408,0,1761206399999,0,0,0,0,0
1761206400000,319.408,319.408,319.408,319.408,0,1761209999999,0,0,0,0,0
1761210000000,319.408,319.408,319.408,319.408,0,1761213599999,0,0,0,0,0
1761213600000,319.408,319.408,319.408,319.408,0,1761217199999,0,0,0,0,0
1761217200000,319.408,319.408,319.408,319.408,0,1761220799999,0,0,0,0,0
1761220800000,319.408,319.408,319.408,319.408,0,1761224399999,0,0,0,0,0
1761224400000,319.408,319.408,319.408,319.408,0,1761227999999,0,0,0,0,0
1761228000000,319.408,319.408,319.408,319.408,0,1761231599999,0,0,0,0,0
1761231600000,319.408,319.408,319.408,319.408,0,1761235199999,0,0,0,0,0
1761235200000,319.408,319.408,319.408,319.408,0,1761238799999,0,0,0,0,0
1761238800000,319.408,319.408,319.408,319.408,0,1761242399999,0,0,0,0,0
1761242400000,319.408,319.408,319.408,319.408,0,1761245999999,0,0,0,0,0
1761246000000,319.408,319.408,319.408,319.408,0,1761249599999,0,0,0,0,0
1761249600000,319.408,319.408,319.408,319.408,0,1761253199999,0,0,0,0,0
1761253200000,319.408,319.408,319.408,319.408,0,1761256799999,0,0,0,0,0
1761256800000,319.408,319.408,319.408,319.408,0,1761260399999,0,0,0,0,0
1761260400000,319.408,319.408,319.408,319.408,0,1761263999999,0,0,0,0,0
1761264000000,319.408,319.408,319.408,319.408,0,1761267599999,0,0,0,0,0
1761267600000,319.408,319.408,319.408,319.408,0,1761271199999,0,0,0,0,0
1761271200000,319.408,319.408,319.408,319.408,0,1761274799999,0,0,0,0,0
1761274800000,319.408,319.408,319.408,319.408,0,1761278399999,0,0,0,0,0
1761278400000,319.408,319.408,319.408,319.408,0,1761281999999,0,0,0,0,0
1761282000000,319.408,319.408,319.408,319.408,0,1761285599999,0,0,0,0,0
1761285600000,319.408,319.408,319.408,319.408,0,1761289199999,0,0,0,0,0
1761289200000,319.408,319.408,319.408,319.408,0,1761292799999,0,0,0,0,0
1761292800000,319.408,319.408,319.408,319.408,0,1761296399999,0,0,0,0,0
1761296400000,319.408,319.408,319.408,319.408,0,1761299999999,0,0,0,0,0
1761300000000,319.408,319.408,319.408,319.408,0,1761303599999,0,0,0,0,0
1761303600000,319.408,319.408,319.408,319.408,0,1761307199999,0,0,0,0,0
1761307200000,319.408,319.408,319.408,319.408,0,1761310799999,0,0,0,0,0
1761310800000,319.408,319.408,319.408,319.408,0,1761314399999,0,0,0,0,0
1761314400000,319.408,319.408,319.408,319.408,0,1761317999999,0,0,0,0,0
1761318000000,319.408,319.408,319.408,319.408,0,1761321599999,0,0,0,0,0
1761321600000,319.408,319.408,319.408,319.408,0,1761325199999,0,0,0,0,0
1761325200000,319.408,319.408,319.408,319.408,0,1761328799999,0,0,0,0,0
1761328800000,319.408,319.408,319.408,319.408,0,1761332399999,0,0,0,0,0
1761332400000,319.408,319.408,319.408,319.408,0,1761335999999,0,0,0,0,0
1761336000000,319.408,319.408,319.408,319.408,0,1761339599999,0,0,0,0,0
1761339600000,319.408,319.408,319.408,319.408,0,1761343199999,0,0,0,0,0
1761343200000,319.408,319.408,319.408,319.408,0,1761346799999,0,0,0,0,0
1761346800000,319.408,319.408,319.408,319.408,0,1761350399999,0,0,0,0,0
1761350400000,319.408,319.408,319.408,319.408,0,1761353999999,0,0,0,0,0
1761354000000,319.408,319.408,319.408,319.408,0,1761357599999,0,0,0,0,0
1761357600000,319.408,319.408,319.408,319.408,0,1761361199999,0,0,0,0,0
1761361200000,319.408,319.408,319.408,319.408,0,1761364799999,0,0,0,0,0
1761364800000,319.408,319.408,319.408,319.408,0,1761368399999,0,0,0,0,0
1761368400000,319.408,319.408,319.408,319.408,0,1761371999999,0,0,0,0,0
1761372000000,319.408,319.408,319.408,319.408,0,1761375599999,0,0,0,0,0
1761375600000,319.408,319.408,319.408,319.408,0,1761379199999,0,0,0,0,0
1761379200000,319.408,319.408,319.408,319.408,0,1761382799999,0,0,0,0,0
1761382800000,319.408,319.408,319.408,319.408,0,1761386399999,0,0,0,0,0
1761386400000,319.408,319.408,319.408,319.408,0,1761389999999,0,0,0,0,0
1761390000000,319.408,319.408,319.408,319.408,0,1761393599999,0,0,0,0,0
1761393600000,319.408,319.408,319.408,319.408,0,1761397199999,0,0,0,0,0
1761397200000,319.408,319.408,319.408,319.408,0,1761400799999,0,0,0,0,0
1761400800000,319.408,319.408,319.408,319.408,0,1761404399999,0,0,0,0,0
1761404400000,319.408,319.408,319.408,319.408,0,1761407999999,0,0,0,0,0
1761408000000,319.408,319.408,319.408,319.408,0,1761411599999,0,0,0,0,0
1761411600000,319.408,319.408,319.408,319.408,0,1761415199999,0,0,0,0,0
1761415200000,319.408,319.408,319.408,319.408,0,1761418799999,0,0,0,0,0
1761418800000,319.408,319.408,319.408,319.408,0,1761422399999,0,0,0,0,0
1761422400000,319.408,319.408,319.408,319.408,0,1761425999999,0,0,0,0,0
1761426000000,319.408,319.408,319.408,319.408,0,1761429599999,0,0,0,0,0
1761429600000,319.408,319.408,319.408,319.408,0,1761433199999,0,0,0,0,0
1761433200000,319.408,319.408,319.408,319.408,0,1761436799999,0,0,0,0,0
1761436800000,319.408,319.408,319.408,319.408,0,1761440399999,0,0,0,0,0
1761440400000,319.408,319.408,319.408,319.408,0,1761443999999,0,0,0,0,0
1761444000000,319.408,319.408,319.408,319.408,0,1761447599999,0,0,0,0,0
1761447600000,319.408,319.408,319.408,319.408,0,1761451199999,0,0,0,0,0
1761451200000,319.408,319.408,319.408,319.408,0,1761454799999,0,0,0,0,0
1761454800000,319.408,319.408,319.408,319.408,0,1761458399999,0,0,0,0,0
1761458400000,319.408,319.408,319.408,319.408,0,1761461999999,0,0,0,0,0
1761462000000,319.408,319.408,319.408,319.408,0,1761465599999,0,0,0,0,0
1761465600000,319.408,319.408,319.408,319.408,0,1761469199999,0,0,0,0,0
1761469200000,319.408,319.408,319.408,319.408,0,1761472799999,0,0,0,0,0
1761472800000,319.408,319.408,319.408,319.408,0,1761476399999,0,0,0,0,0
1761476400000,319.408,319.408,319.408,319.408,0,1761479999999,0,0,0,0,0
1761480000000,319.408,319.408,319.408,319.408,0,1761483599999,0,0,0,0,0
1761483600000,319.408,319.408,319.408,319.408,0,1761487199999,0,0,0,0,0
1761487200000,319.408,319.408,319.408,319.408,0,1761490799999,0,0,0,0,0
1761490800000,319.408,319.408,319.408,319.408,0,1761494399999,0,0,0,0,0
1761494400000,319.408,319.408,319.408,319.408,0,1761497999999,0,0,0,0,0
1761498000000,319.408,319.408,319.408,319.408,0,1761501599999,0,0,0,0,0
1761501600000,319.408,319.408,319.408,319.408,0,1761505199999,0,0,0,0,0
1761505200000,319.408,319.408,319.408,319.408,0,1761508799999,0,0,0,0,0
1761508800000,319.408,319.408,319.408,319.408,0,1761512399999,0,0,0,0,0
1761512400000,319.408,319.408,319.408,319.408,0,1761515999999,0,0,0,0,0
1761516000000,319.408,319.408,319.408,319.408,0,1761519599999,0,0,0,0,0
1761519600000,319.408,319.408,319.408,319.408,0,1761523199999,0,0,0,0,0
1761523200000,319.408,319.408,319.408,319.408,0,1761526799999,0,0,0,0,0
1761526800000,319.408,319.408,319.408,319.408,0,1761530399999,0,0,0,0,0
1761530400000,319.408,319.408,319.408,319.408,0,1761533999999,0,0,0,0,0
1761534000000,319.408,319.408,319.408,319.408,0,1761537599999,0,0,0,0,0
1761537600000,319.408,319.408,319.408,319.408,0,1761541199999,0,0,0,0,0
1761541200000,319.408,319.408,319.408,319.408,0,1761544799999,0,0,0,0,0
1761544800000,319.408,319.408,319.408,319.408,0,1761548399999,0,0,0,0,0
1761548400000,319.408,319.408,319.408,319.408,0,1761551999999,0,0,0,0,0
1761552000000,319.408,319.408,319.408,319.408,0,1761555599999,0,0,0,0,0
1761555600000,319.408,319.408,319.408,319.408,0,1761559199999,0,0,0,0,0
1761559200000,319.408,319.408,319.408,319.408,0,1761562799999,0,0,0,0,0
1761562800000,319.408,319.408,319.408,319.408,0,1761566399999,0,0,0,0,0
1761566400000,319.408,319.408,319.408,319.408,0,1761569999999,0,0,0,0,0
1761570000000,319.408,319.408,319.408,319.408,0,1761573599999,0,0,0,0,0
1761573600000,319.408,319.408,319.408,319.408,0,1761577199999,0,0,0,0,0
1761577200000,319.408,319.408,319.408,319.408,0,1761580799999,0,0,0,0,0
1761580800000,319.408,319.408,319.408,319.408,0,1761584399999,0,0,0,0,0
1761584400000,319.408,319.408,319.408,319.408,0,1761587999999,0,0,0,0,0
1761588000000,319.408,319.408,319.408,319.408,0,1761591599999,0,0,0,0,0
1761591600000,319.408,319.408,319.408,319.408,0,1761595199999,0,0,0,0,0
1761595200000,319.408,319.408,319.408,319.408,0,1761598799999,0,0,0,0,0
1761598800000,319.408,319.408,319.408,319.408,0,1761602399999,0,0,0,0,0
1761602400000,319.408,319.408,319.408,319.408,0,1761605999999,0,0,0,0,0
1761606000000,319.408,319.408,319.408,319.408,0,1761609599999,0,0,0,0,0
1761609600000,319.408,319.408,319.408,319.408,0,1761613199999,0,0,0,0,0
1761613200000,319.408,319.408,319.408,319.408,0,1761616799999,0,0,0,0,0
1761616800000,319.408,319.408,319.408,319.408,0,1761620399999,0,0,0,0,0
1761620400000,319.408,319.408,319.408,319.408,0,1761623999999,0,0,0,0,0
1761624000000,319.408,319.408,319.408,319.408,0,1761627599999,0,0,0,0,0
1761627600000,319.408,319.408,319.408,319.408,0,1761631199999,0,0,0,0,0
1761631200000,319.408,319.408,319.408,319.408,0,1761634799999,0,0,0,0,0
1761634800000,319.408,319.408,319.408,319.408,0,1761638399999,0,0,0,0,0
1761638400000,319.408,319.408,319.408,319.408,0,1761641999999,0,0,0,0,0
1761642000000,319.408,319.408,319.408,319.408,0,1761645599999,0,0,0,0,0
1761645600000,319.408,319.408,319.408,319.408,0,1761649199999,0,0,0,0,0
1761649200000,319.408,319.408,319.408,319.408,0,1761652799999,0,0,0,0,0
1761652800000,319.408,319.408,319.408,319.408,0,1761656399999,0,0,0,0,0
1761656400000,319.408,319.408,319.408,319.408,0,1761659999999,0,0,0,0,0
1761660000000,319.408,319.408,319.408,319.408,0,1761663599999,0,0,0,0,0
1761663600000,319.408,319.408,319.408,319.408,0,1761667199999,0,0,0,0,0
1761667200000,319.408,319.408,319.408,319.408,0,1761670799999,0,0,0,0,0
1761670800000,319.408,319.408,319.408,319.408,0,1761674399999,0,0,0,0,0
1761674400000,319.408,319.408,319.408,319.408,0,1761677999999,0,0,0,0,0
1761678000000,319.408,319.408,319.408,319.408,0,1761681599999,0,0,0,0,0
1761681600000,319.408,319.408,319.408,319.408,0,1761685199999,0,0,0,0,0
1761685200000,319.408,319.408,319.408,319.408,0,1761688799999,0,0,0,0,0
1761688800000,319.408,319.408,319.408,319.408,0,1761692399999,0,0,0,0,0
1761692400000,319.408,319.408,319.408,319.408,0,1761695999999,0,0,0,0,0
1761696000000,319.408,319.408,319.408,319.408,0,1761699599999,0,0,0,0,0
1761699600000,319.408,319.408,319.408,319.408,0,1761703199999,0,0,0,0,0
1761703200000,319.408,319.408,319.408,319.408,0,1761706799999,0,0,0,0,0
1761706800000,319.408,319.408,319.408,319.408,0,1761710399999,0,0,0,0,0
1761710400000,319.408,319.408,319.408,319.408,0,1761713999999,0,0,0,0,0
1761714000000,319.408,319.408,319.408,319.408,0,1761717599999,0,0,0,0,0
1761717600000,319.408,319.408,319.408,319.408,0,1761721199999,0,0,0,0,0
1761721200000,319.408,319.408,319.408,319.408,0,1761724799999,0,0,0,0,0
1761724800000,319.408,319.408,319.408,319.408,0,1761728399999,0,0,0,0,0
1761728400000,319.408,319.408,319.408,319.408,0,1761731999999,0,0,0,0,0
1761732000000,319.408,319.408,319.408,319.408,0,1761735599999,0,0,0,0,0
1761735600000,319.408,319.408,319.408,319.408,0,1761739199999,0,0,0,0,0
1761739200000,319.408,319.408,319.408,319.408,0,1761742799999,0,0,0,0,0
1761742800000,319.408,319.408,319.408,319.408,0,1761746399999,0,0,0,0,0
1761746400000,319.408,319.408,319.408,319.408,0,1761749999999,0,0,0,0,0
1761750000000,319.408,319.408,319.408,319.408,0,1761753599999,0,0,0,0,0
1761753600000,319.408,319.408,319.408,319.408,0,1761757199999,0,0,0,0,0
1761757200000,319.408,319.408,319.408,319.408,0,1761760799999,0,0,0,0,0
1761760800000,319.408,319.408,319.408,319.408,0,1761764399999,0,0,0,0,0
1761764400000,319.408,319.408,319.408,319.408,0,1761767999999,0,0,0,0,0
1761768000000,319.408,319.408,319.408,319.408,0,1761771599999,0,0,0,0,0
1761771600000,319.408,319.408,319.408,319.408,0,1761775199999,0,0,0,0,0
1761775200000,319.408,319.408,319.408,319.408,0,1761778799999,0,0,0,0,0
1761778800000,319.408,319.408,319.408,319.408,0,1761782399999,0,0,0,0,0
1761782400000,319.408,319.408,319.408,319.408,0,1761785999999,0,0,0,0,0
1761786000000,319.408,319.408,319.408,319.408,0,1761789599999,0,0,0,0,0
1761789600000,319.408,319.408,319.408,319.408,0,1761793199999,0,0,0,0,0
1761793200000,319.408,319.408,319.408,319.408,0,1761796799999,0,0,0,0,0
1761796800000,319.408,319.408,319.408,319.408,0,1761800399999,0,0,0,0,0
1761800400000,319.408,319.408,319.408,319.408,0,1761803999999,0,0,0,0,0
1761804000000,319.408,319.408,319.408,319.408,0,1761807599999,0,0,0,0,0
1761807600000,319.408,319.408,319.408,319.408,0,1761811199999,0,0,0,0,0
1761811200000,319.408,319.408,319.408,319.408,0,1761814799999,0,0,0,0,0
1761814800000,319.408,319.408,319.408,319.408,0,1761818399999,0,0,0,0,0
1761818400000,319.408,319.408,319.408,319.408,0,1761821999999,0,0,0,0,0
1761822000000,319.408,319.408,319.408,319.408,0,1761825599999,0,0,0,0,0
1761825600000,319.408,319.408,319.408,319.408,0,1761829199999,0,0,0,0,0
1761829200000,319.408,319.408,319.408,319.408,0,1761832799999,0,0,0,0,0
1761832800000,319.408,319.408,319.408,319.408,0,1761836399999,0,0,0,0,0
1761836400000,319.408,319.408,319.408,319.408,0,1761839999999,0,0,0,0,0
1761840000000,319.408,319.408,319.408,319.408,0,1761843599999,0,0,0,0,0
1761843600000,319.408,319.408,319.408,319.408,0,1761847199999,0,0,0,0,0
1761847200000,319.408,319.408,319.408,319.408,0,1761850799999,0,0,0,0,0
1761850800000,319.408,319.408,319.408,319.408,0,1761854399999,0,0,0,0,0
1761854400000,319.408,319.408,319.408,319.408,0,1761857999999,0,0,0,0,0
1761858000000,319.408,319.408,319.408,319.408,0,1761861599999,0,0,0,0,0
1761861600000,319.408,319.408,319.408,319.408,0,1761865199999,0,0,0,0,0
1761865200000,319.408,319.408,319.408,319.408,0,1761868799999,0,0,0,0,0
1761868800000,319.408,319.408,319.408,319.408,0,1761872399999,0,0,0,0,0
1761872400000,319.408,319.408,319.408,319.408,0,1761875999999,0,0,0,0,0
1761876000000,319.408,319.408,319.408,319.408,0,1761879599999,0,0,0,0,0
1761879600000,319.408,319.408,319.408,319.408,0,1761883199999,0,0,0,0,0
1761883200000,319.408,319.408,319.408,319.408,0,1761886799999,0,0,0,0,0
1761886800000,319.408,319.408,319.408,319.408,0,1761890399999,0,0,0,0,0
1761890400000,319.408,319.408,319.408,319.408,0,1761893999999,0,0,0,0,0
1761894000000,319.408,319.408,319.408,319.408,0,1761897599999,0,0,0,0,0
1761897600000,319.408,319.408,319.408,319.408,0,1761901199999,0,0,0,0,0
1761901200000,319.408,319.408,319.408,319.408,0,1761904799999,0,0,0,0,0
1761904800000,319.408,319.408,319.408,319.408,0,1761908399999,0,0,0,0,0
1761908400000,319.408,319.408,319.408,319.408,0,1761911999999,0,0,0,0,0
1761912000000,319.408,319.408,319.408,319.408,0,1761915599999,0,0,0,0,0
1761915600000,319.408,319.408,319.408,319.408,0,1761919199999,0,0,0,0,0
1761919200000,319.408,319.408,319.408,319.408,0,1761922799999,0,0,0,0,0
1761922800000,319.408,319.408,319.408,319.408,0,1761926399999,0,0,0,0,0
1761926400000,319.408,319.408,319.408,319.408,0,1761929999999,0,0,0,0,0
1761930000000,319.408,319.408,319.408,319.408,0,1761933599999,0,0,0,0,0
1761933600000,319.408,319.408,319.408,319.408,0,1761937199999,0,0,0,0,0
1761937200000,319.408,319.408,319.408,319.408,0,1761940799999,0,0,0,0,0
1761940800000,319.408,319.408,319.408,319.408,0,1761944399999,0,0,0,0,0
1761944400000,319.408,319.408,319.408,319.408,0,1761947999999,0,0,0,0,0
1761948000000,319.408,319.408,319.408,319.408,0,1761951599999,0,0,0,0,0
1761951600000,319.408,319.408,319.408,319.408,0,1761955199999,0,0,0,0,0
